id,url,autor
1,https://youtu.be/IZq75spMbPw,Fulana Soares
2,https://youtu.be/KliDJVQVVos,Ciclana Neves
3,https://youtu.be/CWW9qXvtT6A,Cacilda Nascimento
4,https://youtu.be/IZq75spMbPw,Fulana Soares
5,https://youtu.be/KliDJVQVVos,Ciclana Neves
6,https://youtu.be/CWW9qXvtT6A,Cacilda Nascimento
7,https://youtu.be/IZq75spMbPw,Fulana Soares
8,https://youtu.be/KliDJVQVVos,Ciclana Neves
9,https://youtu.be/CWW9qXvtT6A,Cacilda Nascimento
10,https://youtu.be/IZq75spMbPw,Fulana Soares
11,https://youtu.be/KliDJVQVVos,Ciclana Neves
12,https://youtu.be/CWW9qXvtT6A,Cacilda Nascimento
13,https://youtu.be/IZq75spMbPw,Fulana Soares
14,https://youtu.be/KliDJVQVVos,Ciclana Neves
15,https://youtu.be/CWW9qXvtT6A,Cacilda Nascimento
16,https://youtu.be/IZq75spMbPw,Fulana Soares
17,https://youtu.be/KliDJVQVVos,Ciclana Neves
18,https://youtu.be/CWW9qXvtT6A,Cacilda Nascimento
19,https://youtu.be/IZq75spMbPw,Fulana Soares
20,https://youtu.be/KliDJVQVVos,Ciclana Neves
21,https://youtu.be/CWW9qXvtT6A,Cacilda Nascimento
22,https://youtu.be/IZq75spMbPw,Fulana Soares
23,https://youtu.be/KliDJVQVVos,Ciclana Neves
24,https://youtu.be/CWW9qXvtT6A,Cacilda Nascimento
25,https://youtu.be/IZq75spMbPw,Fulana Soares
26,https://youtu.be/KliDJVQVVos,Ciclana Neves
27,https://youtu.be/CWW9qXvtT6A,Cacilda Nascimento
28,https://youtu.be/IZq75spMbPw,Fulana Soares
29,https://youtu.be/KliDJVQVVos,Ciclana Neves
30,https://youtu.be/CWW9qXvtT6A,Cacilda Nascimento
31,https://youtu.be/IZq75spMbPw,Fulana Soares
32,https://youtu.be/KliDJVQVVos,Ciclana Neves
33,https://youtu.be/CWW9qXvtT6A,Cacilda Nascimento